,price,original_price,discount,review_count,category,official_store
0,85.0,167.0,49.0,4.0,0,1
1,80.0,145.0,45.0,4.6,0,1
2,190.0,312.9,39.0,4.1,0,0
3,110.0,192.82,43.0,3.6,0,0
4,122.0,152.0,20.0,3.9,0,1
5,190.0,232.0,18.0,4.3,0,1
6,83.0,96.0,14.0,4.1,0,1
7,29.0,38.0,24.0,4.5,0,1
8,105.0,156.45,33.0,4.3,0,0
9,35.0,51.0,31.0,4.4,0,1
10,120.0,148.0,19.0,4.2,0,1
11,54.0,76.0,29.0,3.8,0,1
12,34.0,45.0,24.0,4.6,0,1
13,15.0,364.80142676767673,42.066287878787875,4.3,0,1
14,35.0,45.0,22.0,4.5,0,1
15,81.99,196.41,58.0,4.5,0,0
16,46.0,51.0,10.0,3.9,0,1
17,124.0,158.0,22.0,3.6,0,0
18,100.0,192.82,48.0,4.1,0,0
19,319.0,548.32,42.0,4.1,0,0
20,59.0,62.0,5.0,4.1,0,1
21,202.0,275.0,27.0,4.4,0,1
22,149.0,250.0,40.0,3.9,0,0
23,69.0,70.0,1.0,4.5,0,1
24,17.0,364.80142676767673,42.066287878787875,4.2,0,1
25,159.0,184.0,14.0,4.4,0,1
26,89.0,125.0,29.0,3.8,0,1
27,76.0,83.0,8.0,4.5,0,1
28,184.0,213.0,14.0,4.2,0,1
29,49.99,59.99,17.0,4.5,0,0
30,121.0,148.0,18.0,4.4,0,1
32,187.0,220.0,15.0,4.5,0,1
33,315.0,599.0,47.0,4.8,0,0
34,44.0,45.0,2.0,3.8,0,1
35,135.0,200.0,33.0,4.2,0,0
36,110.0,219.99,50.0,4.5,0,0
37,142.56,359.0,60.0,3.8,0,0
38,120.0,241.38,50.0,4.2,0,0
39,199.99,299.99,33.0,4.0,0,0
40,197.0,274.0,28.0,0.0,0,1
42,149.86,369.0,59.0,0.0,0,0
43,189.0,364.80142676767673,42.066287878787875,0.0,0,0
44,178.0,198.0,10.0,0.0,0,1
45,315.0,400.0,21.0,0.0,0,1
46,76.0,83.0,8.0,0.0,0,1
47,69.0,120.0,43.0,0.0,0,0
50,99.0,128.0,23.0,0.0,0,1
52,210.0,355.0,41.0,4.5,0,1
53,299.0,505.11,41.0,4.3,0,0
54,56.0,364.80142676767673,42.066287878787875,5.0,0,1
55,29.0,85.0,66.0,1.7,0,1
56,118.0,120.0,2.0,4.5,0,0
57,42.0,364.80142676767673,42.066287878787875,4.3,0,1
58,65.0,120.0,46.0,4.3,0,1
59,199.0,299.0,33.0,0.0,0,0
60,183.0,212.0,14.0,4.5,0,1
61,112.0,364.80142676767673,42.066287878787875,4.4,0,1
62,26.0,29.0,10.0,4.8,0,1
63,109.41,189.99,42.0,4.4,0,0
64,236.0,341.21,31.0,4.4,0,1
65,15.0,364.80142676767673,42.066287878787875,4.2,0,1
66,185.0,205.0,10.0,4.5,0,0
67,249.0,399.0,38.0,4.1,0,1
68,49.9,126.0,60.0,3.5,0,1
69,139.0,364.80142676767673,42.066287878787875,4.4,0,1
70,59.99,364.80142676767673,42.066287878787875,4.3,0,0
71,195.0,379.95,49.0,4.1,0,0
72,66.0,364.80142676767673,42.066287878787875,4.1,0,1
74,55.0,55.08,1.0,3.0,0,1
75,115.0,199.0,42.0,4.4,0,0
76,97.0,364.80142676767673,42.066287878787875,0.0,0,0
77,175.0,200.0,13.0,5.0,0,0
78,149.0,299.0,50.0,4.5,0,0
79,53.0,364.80142676767673,42.066287878787875,4.2,0,1
80,49.0,55.0,11.0,4.1,0,1
81,225.0,400.0,44.0,3.9,0,0
82,35.0,39.0,10.0,4.7,0,1
83,280.0,364.80142676767673,42.066287878787875,4.5,0,0
84,105.0,144.0,27.0,4.4,0,1
85,56.0,64.8,14.0,4.5,0,1
86,103.0,127.0,19.0,4.3,0,1
87,37.0,69.0,46.0,4.3,0,1
88,136.0,190.0,28.0,4.2,0,1
89,99.0,128.0,23.0,5.0,0,1
90,112.0,364.80142676767673,42.066287878787875,4.1,0,1
104,113.0,140.0,19.0,0.0,0,1
105,25.99,45.92,43.0,4.4,0,0
106,130.0,150.0,13.0,4.7,0,1
107,50.0,74.5,33.0,3.2,0,1
108,217.0,354.62,39.0,4.3,0,0
109,97.5,119.99,19.0,4.9,0,0
110,249.0,299.0,17.0,5.0,0,0
111,175.0,390.0,55.0,4.1,0,0
112,36.7,55.0,33.0,3.6,0,0
113,78.0,120.0,35.0,5.0,0,1
114,109.0,152.0,28.0,3.9,0,1
115,55.0,89.0,38.0,4.5,0,0
116,309.0,499.0,38.0,4.0,0,0
117,179.99,364.80142676767673,42.066287878787875,4.2,0,0
118,21.9,50.0,56.0,4.5,0,0
119,185.0,249.0,26.0,4.6,0,0
120,35.0,39.0,10.0,4.8,0,1
121,32.0,40.0,20.0,4.6,0,1
122,34.0,50.66,33.0,3.7,0,1
123,85.0,364.80142676767673,42.066287878787875,3.9,0,0
124,99.62,157.99,37.0,3.3,0,0
125,49.0,186.0,74.0,4.2,0,1
126,99.0,112.0,12.0,4.1,0,1
127,120.0,300.0,60.0,2.0,0,1
128,39.0,364.80142676767673,42.066287878787875,4.0,0,0
129,69.0,70.0,1.0,4.2,0,1
130,65.0,89.0,27.0,3.9,0,0
131,45.5,120.0,62.0,3.6,0,1
132,108.0,114.0,5.0,3.5,0,1
133,75.0,117.5,36.0,4.2,0,1
134,313.0,364.80142676767673,42.066287878787875,4.3,0,0
135,99.0,128.0,23.0,0.0,0,1
136,187.0,375.0,50.0,4.3,0,0
137,65.0,79.6,18.0,4.3,0,1
138,21.0,79.0,73.0,1.5,0,1
139,105.0,192.82,46.0,4.3,0,0
140,67.0,75.0,11.0,5.0,0,1
141,142.56,249.0,43.0,3.8,0,0
142,51.0,196.0,74.0,4.0,0,1
143,370.0,500.0,26.0,4.0,0,0
157,120.0,152.0,21.0,4.2,0,1
159,59.0,102.81,43.0,4.2,0,0
160,212.0,315.88,33.0,4.5,0,1
161,159.0,189.0,16.0,4.3,0,1
162,324.0,550.0,41.0,3.8,0,0
163,149.0,364.80142676767673,42.066287878787875,3.4,0,0
164,159.0,364.80142676767673,42.066287878787875,4.0,0,0
165,289.0,400.0,28.0,5.0,0,1
166,25.99,31.35,17.0,4.2,0,0
167,105.0,146.0,28.0,3.7,0,1
168,169.0,203.0,17.0,4.3,0,1
169,360.0,569.0,37.0,4.5,0,1
170,58.0,364.80142676767673,42.066287878787875,4.5,0,0
171,168.0,232.0,28.0,4.5,0,1
172,89.0,170.0,48.0,5.0,0,1
173,122.0,300.0,59.0,4.2,0,0
174,82.0,364.80142676767673,42.066287878787875,3.8,0,0
176,44.0,45.0,2.0,0.0,0,1
177,128.0,297.0,57.0,3.0,0,0
178,248.0,315.0,21.0,3.9,0,0
179,72.0,344.0,79.0,4.3,0,0
180,47.5,364.80142676767673,42.066287878787875,4.0,0,0
181,175.99,190.0,7.0,4.0,0,0
182,55.0,81.95,33.0,4.2,0,1
183,120.0,229.96,48.0,4.2,0,0
184,29.0,111.0,74.0,3.9,0,1
185,59.0,75.0,21.0,3.2,0,0
186,49.0,58.11,16.0,4.2,0,0
187,89.21,163.9,46.0,3.8,0,0
188,169.0,299.0,43.0,4.4,0,0
189,273.0,423.16,35.0,4.3,0,0
190,25.3,364.80142676767673,42.066287878787875,4.3,0,0
191,238.0,385.91,38.0,4.1,0,0
192,45.0,80.0,44.0,3.7,0,0
193,99.0,364.80142676767673,42.066287878787875,0.0,0,0
195,137.0,299.0,54.0,4.2,0,0
208,132.0,450.0,71.0,0.0,0,0
209,122.0,259.0,53.0,4.3,0,0
210,69.99,149.0,53.0,4.7,0,0
211,189.0,240.0,21.0,4.3,0,0
212,62.0,119.0,48.0,3.8,0,1
213,215.0,399.0,46.0,3.5,0,0
214,128.0,224.99,43.0,4.3,0,0
215,105.0,192.82,46.0,4.1,0,0
216,42.0,364.80142676767673,42.066287878787875,4.0,0,1
217,99.0,100.0,1.0,4.0,0,1
218,249.0,250.0,1.0,4.7,0,1
219,99.0,199.0,50.0,5.0,0,0
220,42.0,364.80142676767673,42.066287878787875,5.0,0,1
221,27.0,364.80142676767673,42.066287878787875,4.4,0,1
222,360.0,500.0,28.0,5.0,0,0
223,49.0,73.01,33.0,4.0,0,1
224,219.0,399.0,45.0,4.3,0,0
225,129.0,230.0,44.0,5.0,0,0
226,89.0,117.71,24.0,3.9,0,0
227,48.0,98.0,51.0,3.8,0,0
228,113.0,140.0,19.0,5.0,0,1
229,153.0,200.0,24.0,3.8,0,0
230,149.0,250.0,40.0,3.8,0,0
231,55.0,99.0,44.0,3.9,0,0
232,199.99,349.99,43.0,5.0,0,0
233,212.0,371.01,43.0,4.6,0,0
234,152.0,155.0,2.0,3.8,0,0
235,31.0,38.0,18.0,4.6,0,1
236,35.0,38.0,8.0,4.4,0,1
237,44.0,51.0,14.0,0.0,0,1
238,96.0,130.0,26.0,4.0,0,1
240,40.0,43.0,7.0,4.3,0,1
241,105.0,188.45,44.0,4.3,0,0
242,68.0,200.0,66.0,3.0,0,0
243,105.0,149.0,30.0,3.0,0,0
244,134.0,207.0,35.0,5.0,0,1
245,192.0,336.74,43.0,4.2,0,1
246,39.99,364.80142676767673,42.066287878787875,3.8,0,0
247,109.0,149.0,27.0,0.0,0,0
260,89.21,192.92,54.0,4.2,0,0
261,132.0,450.0,71.0,5.0,0,0
262,51.0,75.0,32.0,4.4,0,1
263,99.0,128.0,23.0,5.0,0,1
264,149.99,270.0,44.0,4.0,0,0
265,79.0,130.0,39.0,4.2,0,0
267,311.0,473.82,34.0,4.6,0,0
268,101.0,120.0,16.0,3.9,0,1
269,336.0,536.4,37.0,4.4,0,1
270,119.0,364.80142676767673,42.066287878787875,5.0,0,0
271,156.0,189.0,17.0,3.4,0,1
272,185.0,364.80142676767673,42.066287878787875,4.4,0,0
273,40.0,364.80142676767673,42.066287878787875,1.0,0,1
274,110.99,134.0,17.0,3.8,0,0
276,125.0,243.0,49.0,4.1,0,1
277,33.0,42.0,21.0,4.4,0,1
278,96.0,148.0,35.0,4.4,0,1
279,73.0,111.0,34.0,4.0,0,0
280,104.0,199.0,48.0,0.0,0,0
281,65.0,79.6,18.0,2.5,0,1
282,35.0,40.0,13.0,4.3,0,0
285,70.0,364.80142676767673,42.066287878787875,0.0,0,1
286,139.0,149.0,7.0,4.7,0,0
287,99.0,159.0,38.0,0.0,0,0
288,89.0,111.0,20.0,3.9,0,1
289,189.0,249.0,24.0,4.0,0,1
290,169.0,270.0,37.0,4.2,0,1
291,69.0,79.0,13.0,4.6,0,0
292,93.0,167.0,44.0,3.9,0,1
293,275.0,399.0,31.0,4.2,0,0
294,31.0,39.0,21.0,3.4,0,1
295,157.0,190.0,17.0,4.2,0,0
296,98.0,364.80142676767673,42.066287878787875,4.8,0,0
297,120.0,320.0,63.0,4.3,0,0
298,105.0,192.82,46.0,3.7,0,0
299,26.0,29.0,10.0,5.0,0,1
313,199.0,349.0,43.0,5.0,0,1
314,121.0,148.0,18.0,4.3,0,1
315,190.0,223.0,15.0,4.3,0,0
316,364.0,436.0,17.0,4.3,0,0
317,40.0,364.80142676767673,42.066287878787875,4.3,0,1
318,169.99,364.80142676767673,42.066287878787875,3.6,0,0
319,32.0,99.0,68.0,3.6,0,0
320,149.0,364.80142676767673,42.066287878787875,4.5,0,0
321,99.0,100.0,1.0,5.0,0,1
322,34.95,49.0,29.0,4.3,0,0
323,32.3,38.0,15.0,3.9,0,1
324,75.0,149.0,50.0,3.7,0,0
325,139.0,450.0,69.0,5.0,0,0
326,105.0,187.74,44.0,4.3,0,0
327,79.0,299.0,74.0,3.7,0,0
328,35.0,39.0,10.0,3.0,0,1
329,23.2,29.0,20.0,5.0,0,1
330,103.0,127.0,19.0,4.4,0,1
331,99.0,364.80142676767673,42.066287878787875,0.0,0,0
332,43.0,364.80142676767673,42.066287878787875,5.0,0,0
333,176.0,178.51,1.0,5.0,0,1
334,69.99,364.80142676767673,42.066287878787875,0.0,0,0
335,110.0,269.99,59.0,5.0,0,1
336,295.0,499.0,41.0,5.0,0,0
337,24.0,364.80142676767673,42.066287878787875,3.5,0,0
338,152.0,244.36,38.0,3.7,0,0
339,44.0,49.0,10.0,0.0,0,1
340,144.0,145.5,1.0,5.0,0,1
341,149.0,150.0,1.0,4.3,0,0
342,62.0,90.5,31.0,4.1,0,1
344,199.0,220.0,10.0,4.3,0,0
345,33.0,364.80142676767673,42.066287878787875,4.1,0,0
346,29.0,38.0,24.0,4.3,0,1
347,207.0,299.0,31.0,4.0,0,1
348,45.0,167.0,73.0,4.2,0,1
349,115.0,145.0,21.0,5.0,0,1
350,119.99,149.99,20.0,3.8,0,0
351,55.0,81.0,32.0,4.5,0,1
364,80.0,160.0,50.0,4.1,0,1
365,248.0,432.1,43.0,4.2,0,0
366,299.0,364.80142676767673,42.066287878787875,4.2,0,0
367,49.99,364.80142676767673,42.066287878787875,3.9,0,0
368,121.0,140.0,14.0,0.0,0,1
369,63.0,72.0,13.0,4.4,0,1
370,109.0,162.41,33.0,4.2,0,0
371,292.0,451.47,35.0,3.7,0,0
372,378.0,499.0,24.0,4.7,0,0
373,225.0,349.0,36.0,4.0,0,0
374,119.0,150.0,21.0,3.6,0,0
375,189.0,350.0,46.0,4.0,0,0
377,175.0,249.0,30.0,0.0,0,1
378,34.99,99.99,65.0,0.0,0,0
379,199.0,364.80142676767673,42.066287878787875,5.0,0,1
380,109.0,186.25,41.0,4.2,0,0
381,77.0,81.0,5.0,3.7,0,1
382,59.0,364.80142676767673,42.066287878787875,4.5,0,0
383,20.0,364.80142676767673,42.066287878787875,5.0,0,1
384,149.0,364.80142676767673,42.066287878787875,3.3,0,0
385,214.0,381.44,44.0,3.8,0,0
386,269.0,300.0,10.0,0.0,0,0
387,39.0,364.80142676767673,42.066287878787875,3.7,0,0
388,25.0,364.80142676767673,42.066287878787875,3.7,0,0
389,159.0,229.0,31.0,4.8,0,0
390,106.0,130.0,18.0,4.5,0,1
391,81.0,364.80142676767673,42.066287878787875,4.1,0,1
392,75.0,99.0,24.0,3.7,0,0
393,139.0,259.0,46.0,3.8,0,0
394,232.0,299.0,22.0,5.0,0,0
395,45.0,364.80142676767673,42.066287878787875,0.0,0,0
397,192.0,338.23,43.0,4.7,0,1
398,219.0,299.0,27.0,5.0,0,0
399,122.0,149.0,18.0,4.2,0,1
400,170.0,309.92,45.0,4.4,0,0
401,25.79,364.80142676767673,42.066287878787875,3.1,0,0
402,80.0,100.0,20.0,4.3,0,1
403,72.0,100.0,28.0,3.7,0,0
416,85.0,240.0,65.0,4.7,3,1
417,99.0,249.0,60.0,4.3,3,1
418,81.0,230.0,65.0,5.0,3,1
419,159.0,259.0,39.0,3.7,3,1
420,69.0,180.0,62.0,4.3,3,1
421,75.0,195.0,62.0,4.3,3,1
422,85.0,230.0,63.0,4.0,3,1
423,99.0,199.0,50.0,4.1,3,0
424,79.0,210.0,62.0,4.5,3,1
425,57.0,170.0,66.0,5.0,3,1
426,71.0,195.0,64.0,4.3,3,1
427,79.0,140.0,44.0,0.0,3,1
428,89.0,230.0,61.0,4.2,3,1
429,70.0,210.0,67.0,4.0,3,1
430,76.0,230.0,67.0,4.0,3,1
431,76.0,230.0,67.0,3.0,3,1
432,70.0,210.0,67.0,4.0,3,1
433,74.0,230.0,68.0,0.0,3,1
434,69.0,195.0,65.0,5.0,3,1
435,83.0,260.0,68.0,2.0,3,1
436,99.0,260.0,62.0,4.2,3,1
437,60.0,170.0,65.0,2.5,3,1
438,85.0,210.0,60.0,1.0,3,1
439,99.0,150.0,34.0,3.8,3,1
440,79.0,180.0,56.0,1.7,3,1
441,89.0,240.0,63.0,4.0,3,1
442,76.0,210.0,64.0,0.0,3,1
443,85.0,210.0,60.0,5.0,3,1
444,64.0,170.0,62.0,4.0,3,1
445,84.0,260.0,68.0,4.5,3,1
446,99.0,199.0,50.0,3.9,3,0
447,99.0,150.0,34.0,4.1,3,1
448,119.0,170.0,30.0,4.2,3,1
449,159.0,399.0,60.0,3.5,3,1
450,99.0,150.0,34.0,5.0,3,1
451,59.0,99.0,40.0,3.8,3,0
452,59.0,79.0,25.0,3.7,3,1
453,86.0,230.0,63.0,3.0,3,1
454,59.0,79.0,25.0,4.5,3,1
455,81.0,230.0,65.0,1.0,3,1
456,119.0,299.0,60.0,0.0,3,1
457,99.0,249.0,60.0,0.0,3,1
458,99.0,150.0,34.0,0.0,3,1
459,99.0,150.0,34.0,0.0,3,1
460,139.0,349.0,60.0,0.0,3,1
461,99.0,249.0,60.0,0.0,3,1
462,99.0,150.0,34.0,0.0,3,1
463,99.0,150.0,34.0,0.0,3,1
464,99.0,150.0,34.0,0.0,3,1
465,99.0,149.0,34.0,0.0,3,1
466,79.0,199.0,60.0,0.0,3,1
467,99.0,150.0,34.0,0.0,3,1
468,79.0,230.0,66.0,3.0,3,1
469,119.0,129.0,8.0,4.5,3,1
470,89.0,240.0,63.0,3.5,3,1
471,74.0,210.0,65.0,0.0,3,1
472,78.0,210.0,63.0,4.0,3,1
473,44.0,110.0,60.0,3.5,3,1
474,149.0,435.0,66.0,3.0,3,1
475,63.0,115.0,45.0,4.2,3,1
476,92.0,315.0,71.0,0.0,3,1
477,59.0,79.0,25.0,4.7,3,1
478,44.0,120.0,63.0,5.0,3,1
479,69.0,180.0,62.0,0.0,3,1
480,99.0,499.0,80.0,3.5,3,0
481,125.0,219.0,43.0,3.7,3,1
482,89.0,230.0,61.0,0.0,3,1
483,75.0,300.0,75.0,4.0,3,0
484,80.0,240.0,67.0,0.0,3,1
485,69.0,140.0,51.0,5.0,3,1
486,159.0,259.0,39.0,1.0,3,1
487,99.0,249.0,60.0,3.6,3,1
488,59.0,79.0,25.0,4.0,3,1
489,99.0,249.0,60.0,4.7,3,1
490,73.0,195.0,63.0,4.3,3,1
491,89.0,230.0,61.0,3.0,3,1
492,69.0,120.0,43.0,3.7,3,1
493,70.0,180.0,61.0,0.0,3,1
494,169.0,189.0,14.0,3.7,3,0
495,83.0,330.0,75.0,4.0,3,1
496,89.0,149.0,40.0,5.0,3,1
497,99.0,129.0,23.0,3.0,3,1
498,44.0,110.0,60.0,3.0,3,1
499,79.0,300.0,74.0,3.6,3,0
500,59.0,79.0,25.0,5.0,3,1
501,75.0,180.0,58.0,5.0,3,1
502,75.0,120.0,38.0,4.2,3,1
503,73.0,195.0,63.0,0.0,3,1
504,69.0,140.0,51.0,3.8,3,1
505,83.0,230.0,64.0,1.0,3,1
506,259.0,480.0,46.0,3.8,3,1
507,129.0,199.0,35.0,4.5,3,0
520,59.0,99.0,40.0,3.6,3,0
521,380.0,364.80142676767673,42.066287878787875,5.0,3,1
522,35.0,364.80142676767673,42.066287878787875,0.0,3,0
523,124.0,240.0,48.0,4.0,3,1
524,139.0,199.0,30.0,2.0,3,1
525,49.0,100.0,51.0,4.0,3,1
526,69.0,139.0,50.0,0.0,3,1
527,79.0,229.0,66.0,5.0,3,1
528,159.0,259.0,39.0,0.0,3,1
529,75.0,300.0,75.0,3.3,3,0
530,380.0,364.80142676767673,42.066287878787875,0.0,3,1
531,75.0,199.0,62.0,4.3,3,1
532,94.0,199.0,53.0,4.4,3,1
533,380.0,364.80142676767673,42.066287878787875,5.0,3,1
534,59.0,79.0,25.0,5.0,3,1
535,75.92,79.95,5.0,3.6,3,0
536,59.0,79.0,25.0,5.0,3,1
537,59.0,79.0,25.0,4.5,3,1
538,59.0,79.0,25.0,5.0,3,1
539,99.0,150.0,34.0,3.8,3,1
540,254.0,557.0,54.0,2.5,3,1
541,159.0,364.80142676767673,42.066287878787875,2.5,3,0
542,99.0,129.0,23.0,4.0,3,1
543,49.0,80.0,39.0,3.6,3,1
544,99.0,199.0,50.0,3.4,3,0
545,99.0,200.0,51.0,4.2,3,1
546,69.0,99.0,30.0,0.0,3,1
547,69.0,149.0,54.0,5.0,3,0
549,93.0,240.0,61.0,0.0,3,1
550,99.0,149.0,34.0,4.0,3,1
551,68.0,210.0,68.0,5.0,3,1
552,139.0,240.0,42.0,3.8,3,1
553,99.0,149.0,34.0,2.0,3,1
554,119.0,299.0,60.0,4.3,3,1
556,39.0,79.0,51.0,4.7,3,1
557,179.0,249.0,28.0,4.8,3,1
558,189.0,249.0,24.0,4.5,3,0
559,119.0,249.0,52.0,5.0,3,1
572,99.0,199.0,50.0,3.6,3,0
573,69.0,100.0,31.0,0.0,3,1
574,199.0,299.0,33.0,4.3,3,0
575,99.0,129.0,23.0,0.0,3,1
576,89.0,150.0,41.0,4.0,3,1
577,179.0,199.0,20.0,4.5,3,0
578,109.0,349.0,69.0,4.0,3,1
579,99.0,150.0,34.0,4.5,3,1
580,139.0,349.0,60.0,4.0,3,1
581,199.0,364.80142676767673,42.066287878787875,4.3,3,1
582,125.0,249.0,50.0,4.4,3,1
583,85.0,210.0,60.0,1.0,3,1
584,129.0,299.0,57.0,3.6,3,0
585,199.0,629.0,68.0,5.0,3,1
586,179.0,364.80142676767673,42.066287878787875,4.8,3,1
587,99.0,179.0,45.0,0.0,3,1
588,99.0,150.0,34.0,4.0,3,1
589,129.0,199.0,35.0,2.5,3,0
590,129.0,190.0,32.0,3.0,3,1
591,249.0,349.0,29.0,5.0,3,1
592,129.0,149.0,13.0,5.0,3,0
593,95.0,100.0,5.0,3.0,3,0
594,119.0,169.0,30.0,4.2,3,1
595,89.0,119.0,25.0,3.5,3,0
596,249.0,349.0,29.0,5.0,3,1
598,241.0,549.0,56.0,4.0,3,1
599,79.0,364.80142676767673,42.066287878787875,0.0,3,0
600,79.0,119.0,34.0,3.9,3,1
601,74.0,120.0,38.0,4.4,3,1
602,99.0,499.0,80.0,3.6,3,0
603,69.0,149.0,54.0,0.0,3,1
604,159.0,329.0,52.0,0.0,3,0
606,205.0,449.0,54.0,3.7,3,1
607,129.0,190.0,32.0,4.0,3,1
608,99.0,249.0,60.0,0.0,3,1
609,94.0,199.0,53.0,0.0,3,1
610,89.0,179.0,50.0,0.0,3,1
611,163.0,240.0,32.0,4.2,3,1
625,74.0,149.0,50.0,0.0,3,1
626,69.0,259.0,73.0,4.4,3,0
627,139.0,199.0,30.0,5.0,3,1
629,175.0,299.0,41.0,0.0,3,0
630,89.0,179.0,50.0,0.0,3,1
631,49.0,99.0,51.0,5.0,3,1
632,179.0,499.0,64.0,3.0,3,1
633,199.0,259.0,23.0,5.0,3,0
634,99.0,150.0,34.0,4.2,3,1
635,55.0,199.0,72.0,0.0,3,0
636,35.0,69.0,49.0,4.1,3,1
637,76.0,364.80142676767673,42.066287878787875,0.0,3,0
638,99.0,199.0,50.0,0.0,3,0
639,69.99,100.0,30.0,5.0,3,0
640,99.0,249.0,60.0,3.5,3,1
641,99.0,149.0,34.0,0.0,3,1
642,75.0,364.80142676767673,42.066287878787875,4.0,3,0
643,99.0,199.0,50.0,2.5,3,0
644,149.0,379.0,61.0,3.0,3,1
645,99.0,150.0,34.0,4.0,3,1
646,89.0,240.0,63.0,0.0,3,1
647,109.0,149.0,27.0,5.0,3,1
648,209.5,349.0,40.0,0.0,3,1
649,99.0,249.0,60.0,0.0,3,1
650,199.0,499.0,60.0,5.0,3,1
651,179.0,364.80142676767673,42.066287878787875,5.0,3,1
652,140.0,219.0,36.0,4.5,3,1
653,169.0,349.0,52.0,4.0,3,1
654,79.0,199.0,60.0,3.3,3,0
655,249.0,399.0,38.0,3.4,3,0
656,45.0,364.80142676767673,42.066287878787875,4.3,3,0
657,299.0,645.0,63.0,4.3,3,1
658,235.0,310.0,24.0,0.0,3,1
659,49.0,99.0,51.0,3.5,3,0
660,215.0,329.0,35.0,3.5,3,1
661,35.0,364.80142676767673,42.066287878787875,0.0,3,0
662,87.99,119.0,26.0,3.0,3,0
663,89.0,179.0,50.0,5.0,3,1
676,139.0,199.0,30.0,5.0,3,1
677,270.0,479.0,44.0,5.0,3,1
678,99.0,249.0,60.0,1.0,3,1
679,119.0,169.0,30.0,3.0,3,1
680,209.5,349.0,40.0,0.0,3,1
681,199.0,219.0,9.0,4.5,3,0
682,99.0,249.0,60.0,0.0,3,1
683,99.0,229.0,57.0,5.0,3,1
684,169.0,249.0,32.0,5.0,3,1
685,169.0,249.0,32.0,4.3,3,1
686,123.0,199.0,38.0,0.0,3,1
687,73.0,364.80142676767673,42.066287878787875,2.0,3,0
688,129.0,229.0,44.0,3.7,3,1
689,309.0,679.0,55.0,4.3,3,1
690,89.0,149.0,40.0,2.0,3,1
691,149.0,499.0,70.0,0.0,3,1
692,249.0,364.80142676767673,42.066287878787875,4.2,3,1
693,119.0,169.0,30.0,0.0,3,1
694,169.0,364.80142676767673,42.066287878787875,3.7,3,0
695,89.0,129.0,31.0,4.1,3,1
696,241.0,549.0,56.0,4.8,3,1
697,99.0,129.0,23.0,3.5,3,0
698,69.0,199.0,65.0,5.0,3,1
699,79.0,364.80142676767673,42.066287878787875,3.4,3,0
700,249.0,349.0,29.0,5.0,3,1
701,87.99,119.0,26.0,5.0,3,0
702,180.0,290.0,38.0,5.0,3,0
703,69.0,149.0,54.0,1.0,3,0
704,240.0,449.0,47.0,3.2,3,1
705,220.0,395.0,44.0,0.0,3,0
706,99.0,149.0,34.0,4.7,3,1
708,239.0,299.0,20.0,4.0,3,1
709,179.0,199.0,10.0,5.0,3,0
710,89.0,149.0,40.0,0.0,3,1
711,229.0,249.0,8.0,0.0,3,0
712,38.0,65.0,42.0,2.5,3,1
713,249.0,364.80142676767673,42.066287878787875,4.0,3,1
714,129.0,199.0,35.0,5.0,3,1
715,139.0,364.80142676767673,42.066287878787875,3.9,3,1
728,69.0,199.0,65.0,5.0,3,0
729,99.0,159.0,38.0,3.2,3,0
730,79.0,99.0,20.0,0.0,3,1
731,165.0,249.0,34.0,3.6,3,0
732,89.0,129.0,31.0,3.3,3,1
733,199.0,259.0,23.0,5.0,3,0
735,99.0,229.0,57.0,0.0,3,1
736,199.0,364.80142676767673,42.066287878787875,0.0,3,1
737,109.0,349.0,69.0,0.0,3,1
738,55.0,199.0,72.0,0.0,3,0
739,99.0,199.0,50.0,4.0,3,0
740,65.0,364.80142676767673,42.066287878787875,3.0,3,0
741,149.0,399.0,63.0,3.7,3,0
742,129.0,149.0,13.0,0.0,3,1
743,69.0,149.0,54.0,1.0,3,0
744,169.0,299.0,43.0,1.0,3,1
745,59.0,364.80142676767673,42.066287878787875,3.4,3,0
746,99.0,500.0,80.0,3.6,3,0
747,119.0,169.0,30.0,4.7,3,1
748,115.0,199.0,42.0,0.0,3,0
749,139.0,199.0,30.0,0.0,3,1
750,130.0,150.0,13.0,5.0,3,0
751,55.0,364.80142676767673,42.066287878787875,3.1,3,0
752,39.0,364.80142676767673,42.066287878787875,0.0,3,0
753,119.0,199.0,40.0,0.0,3,1
754,98.0,364.80142676767673,42.066287878787875,0.0,3,1
755,89.0,99.0,55.0,3.9,3,0
756,189.0,209.0,10.0,5.0,3,0
757,170.0,364.80142676767673,42.066287878787875,3.3,3,1
758,179.0,199.0,10.0,0.0,3,1
759,179.0,249.0,28.0,5.0,3,1
761,69.0,149.0,54.0,0.0,3,1
762,119.0,199.0,40.0,0.0,3,1
763,74.0,364.80142676767673,42.066287878787875,3.0,3,0
764,99.0,229.0,57.0,0.0,3,1
765,189.0,249.0,24.0,4.3,3,0
766,99.0,149.0,34.0,0.0,3,1
767,239.0,599.0,60.0,2.0,3,1
780,119.0,364.80142676767673,42.066287878787875,4.0,3,0
781,215.0,329.0,35.0,3.5,3,1
783,170.0,364.80142676767673,42.066287878787875,4.0,3,1
784,33.0,59.0,44.0,3.0,3,1
785,79.0,149.0,47.0,3.0,3,1
786,230.0,349.0,34.0,0.0,3,1
787,59.0,170.0,65.0,0.0,3,1
788,119.0,169.0,30.0,0.0,3,1
791,39.0,364.80142676767673,42.066287878787875,0.0,3,0
792,129.0,229.0,44.0,0.0,3,1
793,159.0,199.0,20.0,0.0,3,1
794,109.0,349.0,69.0,5.0,3,1
795,109.0,199.0,45.0,0.0,3,1
796,149.0,364.80142676767673,42.066287878787875,3.8,3,1
797,99.0,149.0,34.0,0.0,3,1
798,188.0,299.0,37.0,5.0,3,1
799,240.0,579.0,59.0,3.3,3,1
800,59.0,99.0,40.0,3.8,3,0
801,119.0,364.80142676767673,42.066287878787875,0.0,3,0
802,99.0,249.0,60.0,0.0,3,1
803,149.0,200.0,26.0,0.0,3,1
804,139.0,199.0,30.0,0.0,3,1
805,169.0,364.80142676767673,42.066287878787875,4.0,3,0
806,99.0,129.0,23.0,0.0,3,1
807,149.0,249.0,40.0,0.0,3,1
808,129.0,429.0,70.0,0.0,3,1
809,59.0,364.80142676767673,42.066287878787875,3.9,3,0
810,119.0,139.0,20.0,3.3,3,0
811,65.0,199.0,67.0,0.0,3,0
812,119.0,179.0,34.0,0.0,3,1
813,119.0,399.0,70.0,0.0,3,1
814,99.0,270.0,63.0,5.0,3,1
815,129.0,149.0,13.0,0.0,3,1
816,349.0,364.80142676767673,42.066287878787875,5.0,3,1
817,66.0,119.0,45.0,0.0,3,1
818,45.0,364.80142676767673,42.066287878787875,3.8,3,0
819,76.0,364.80142676767673,42.066287878787875,2.5,3,1
832,239.5,399.0,40.0,0.0,3,1
833,199.0,399.0,50.0,4.8,3,1
834,45.0,364.80142676767673,42.066287878787875,4.0,3,0
835,260.0,349.0,26.0,0.0,3,0
836,149.0,399.0,63.0,4.0,3,0
837,39.0,364.80142676767673,42.066287878787875,0.0,3,0
838,99.0,199.0,50.0,2.0,3,0
839,189.0,230.0,37.0,4.0,3,1
840,55.0,140.0,61.0,5.0,3,1
841,99.0,199.0,50.0,2.3,3,0
842,109.0,149.0,27.0,0.0,3,1
843,119.0,169.0,30.0,3.8,3,1
844,199.0,364.80142676767673,42.066287878787875,0.0,3,1
845,150.0,364.80142676767673,42.066287878787875,3.3,3,0
846,83.0,150.0,45.0,2.5,3,1
847,179.0,229.0,22.0,5.0,3,1
848,39.0,364.80142676767673,42.066287878787875,0.0,3,0
849,149.0,169.0,12.0,0.0,3,1
850,45.0,364.80142676767673,42.066287878787875,4.3,3,0
851,49.0,364.80142676767673,42.066287878787875,2.0,3,0
852,209.5,299.0,30.0,0.0,3,1
853,90.0,169.0,47.0,5.0,3,1
854,159.0,199.0,20.0,0.0,3,1
855,55.0,199.0,72.0,0.0,3,0
856,59.0,99.0,40.0,3.5,3,1
857,49.0,80.0,39.0,3.6,3,1
858,91.0,200.0,55.0,0.0,3,1
859,199.5,399.0,50.0,5.0,3,1
860,149.0,249.0,40.0,0.0,3,1
862,225.0,350.0,36.0,0.0,3,0
863,85.0,210.0,60.0,0.0,3,1
864,59.0,99.0,40.0,3.0,3,1
865,119.0,169.0,30.0,0.0,3,1
866,38.0,75.0,52.0,0.0,3,1
867,98.0,364.80142676767673,42.066287878787875,0.0,3,1
868,310.0,410.0,24.0,0.0,3,1
869,79.0,199.0,60.0,0.0,3,1
870,99.0,199.0,50.0,0.0,3,1
871,60.0,120.0,50.0,0.0,3,0
884,219.0,410.0,47.0,4.6,1,1
885,56.0,315.0,82.0,4.5,1,1
886,89.0,140.0,36.0,4.3,1,1
887,84.0,350.0,76.0,3.0,1,1
888,89.0,315.0,72.0,4.5,1,1
889,59.0,240.0,75.0,5.0,1,1
890,59.0,240.0,75.0,5.0,1,1
891,126.65,149.0,29.0,4.8,1,0
892,86.0,315.0,73.0,4.3,1,1
893,169.0,300.0,44.0,3.0,1,0
894,89.0,330.0,73.0,4.7,1,1
895,195.0,360.0,46.0,4.0,1,1
896,75.0,285.0,74.0,0.0,1,1
897,99.0,249.0,60.0,4.4,1,1
898,85.0,330.0,74.0,4.0,1,1
899,75.0,285.0,74.0,5.0,1,1
900,126.65,149.0,15.0,3.8,1,0
901,159.0,399.0,60.0,4.4,1,1
902,249.0,349.0,29.0,4.2,1,1
903,78.0,315.0,75.0,0.0,1,1
904,195.0,360.0,46.0,5.0,1,1
905,39.0,59.0,34.0,4.4,1,1
906,68.0,300.0,77.0,4.0,1,1
907,89.0,140.0,36.0,4.5,1,1
908,139.0,349.0,60.0,5.0,1,1
909,149.0,299.0,50.0,4.2,1,1
910,239.0,599.0,60.0,3.8,1,1
911,126.65,149.0,29.0,3.0,1,0
912,78.0,315.0,75.0,4.0,1,1
913,99.0,160.0,38.0,4.3,1,1
914,169.0,300.0,44.0,0.0,1,0
915,69.0,169.0,59.0,5.0,1,1
916,46.0,100.0,54.0,4.7,1,1
917,179.0,449.0,60.0,4.2,1,1
918,39.92,129.0,69.0,3.8,1,0
919,125.0,330.0,62.0,3.0,1,1
920,249.0,400.0,38.0,3.0,1,0
921,69.0,139.0,50.0,0.0,1,0
922,139.0,275.0,49.0,2.7,1,1
923,175.0,349.0,50.0,4.5,1,1
924,119.0,299.0,60.0,0.0,1,1
925,139.0,349.0,60.0,0.0,1,1
926,159.0,399.0,60.0,0.0,1,1
927,139.0,349.0,60.0,0.0,1,1
928,79.0,129.0,39.0,0.0,1,1
929,29.0,69.0,58.0,0.0,1,1
930,119.0,299.0,60.0,0.0,1,1
931,39.0,49.0,20.0,0.0,1,1
932,38.0,90.0,58.0,5.0,1,1
933,99.0,279.0,65.0,4.2,1,1
934,139.0,349.0,60.0,4.6,1,1
935,86.0,390.0,78.0,4.0,1,1
936,49.0,59.0,17.0,4.2,1,1
937,219.0,299.0,27.0,4.0,1,0
938,175.0,349.0,50.0,3.6,1,1
939,79.0,199.0,60.0,5.0,1,1
940,39.0,59.0,34.0,4.4,1,1
941,195.0,360.0,46.0,4.5,1,1
942,179.0,249.0,28.0,4.8,1,1
943,85.0,350.0,76.0,3.0,1,1
944,139.0,349.0,60.0,4.6,1,1
945,94.0,315.0,70.0,0.0,1,1
946,139.0,349.0,60.0,3.6,1,1
947,89.0,189.0,53.0,0.0,1,0
948,42.0,75.0,44.0,4.9,1,1
949,46.0,100.0,54.0,4.6,1,1
950,199.0,364.80142676767673,42.066287878787875,4.8,1,0
951,49.0,59.0,17.0,4.4,1,1
952,135.0,330.0,59.0,0.0,1,1
953,126.65,149.0,15.0,0.0,1,0
954,179.0,449.0,60.0,4.0,1,1
955,99.0,249.0,60.0,4.6,1,1
956,139.0,275.0,49.0,2.7,1,1
957,179.0,249.0,28.0,4.4,1,1
958,179.0,250.0,28.0,4.9,1,1
959,139.0,349.0,60.0,4.8,1,1
960,219.0,229.0,27.0,4.3,1,0
961,79.0,129.0,39.0,5.0,1,1
962,89.0,330.0,73.0,1.0,1,1
963,99.0,315.0,69.0,3.5,1,1
964,179.0,449.0,60.0,5.0,1,1
965,156.0,299.0,48.0,4.3,1,1
966,199.0,360.0,45.0,0.0,1,1
967,89.0,390.0,77.0,4.0,1,1
968,95.0,330.0,71.0,3.0,1,1
969,195.0,360.0,46.0,0.0,1,1
970,39.0,149.0,77.0,4.0,1,1
978,126.65,149.0,15.0,3.3,1,0
979,79.0,199.0,60.0,4.3,1,1
980,39.0,59.0,34.0,4.4,1,1
981,239.0,364.80142676767673,42.066287878787875,4.5,1,0
982,29.0,69.0,58.0,4.4,1,1
983,49.0,129.0,62.0,4.0,1,1
984,59.0,70.0,16.0,4.5,1,0
985,59.99,92.99,35.0,3.2,1,0
986,90.0,199.0,61.0,4.0,1,1
987,59.0,85.0,31.0,4.4,1,1
988,95.0,189.0,50.0,3.8,1,1
989,139.0,349.0,60.0,4.4,1,1
990,39.0,59.0,34.0,3.9,1,1
991,119.0,299.0,60.0,5.0,1,1
992,109.0,199.0,45.0,3.9,1,1
993,39.0,59.0,34.0,4.4,1,1
994,159.0,249.0,36.0,5.0,1,1
995,119.0,299.0,60.0,3.8,1,1
996,49.0,129.0,62.0,3.9,1,1
997,149.0,200.0,26.0,4.4,1,1
998,109.0,269.0,59.0,4.0,1,1
999,229.0,269.0,15.0,0.0,1,0
1000,159.0,249.0,36.0,5.0,1,1
1001,149.0,250.0,40.0,3.0,1,1
1002,59.0,119.0,50.0,3.0,1,0
1003,119.0,299.0,60.0,5.0,1,1
1004,52.0,360.0,86.0,0.0,1,1
1005,49.0,59.0,17.0,4.1,1,1
1006,43.9,89.0,51.0,3.2,1,0
1007,159.0,399.0,60.0,3.9,1,1
1008,139.0,259.0,46.0,2.5,1,1
1009,79.0,119.0,34.0,5.0,1,0
1010,49.0,199.0,75.0,3.8,1,1
1011,89.0,189.0,53.0,5.0,1,0
1012,279.0,349.0,20.0,3.8,1,1
1013,129.0,249.0,48.0,4.0,1,0
1014,229.0,350.0,35.0,0.0,1,0
1015,79.0,129.0,39.0,3.0,1,1
1016,359.0,499.0,28.0,5.0,1,1
1017,299.0,364.80142676767673,42.066287878787875,5.0,1,0
1025,93.0,315.0,70.0,5.0,1,1
1026,99.0,250.0,60.0,5.0,1,1
1027,139.0,259.0,46.0,4.0,1,1
1028,179.0,299.0,40.0,5.0,1,1
1029,49.0,59.0,17.0,4.2,1,1
1030,159.0,270.0,41.0,4.0,1,1
1031,89.0,129.0,31.0,4.0,1,1
1032,195.0,360.0,46.0,0.0,1,1
1033,66.0,240.0,73.0,5.0,1,1
1034,159.0,270.0,41.0,3.8,1,1
1035,179.0,600.0,70.0,0.0,1,0
1036,79.0,199.0,60.0,4.5,1,1
1037,69.0,199.0,65.0,1.5,1,1
1038,159.0,399.0,60.0,3.3,1,1
1039,99.0,249.0,60.0,4.0,1,1
1040,39.0,59.0,34.0,4.7,1,1
1041,99.0,249.0,60.0,3.8,1,1
1042,89.0,129.0,31.0,3.5,1,1
1043,41.0,159.0,79.0,3.6,1,1
1044,115.0,225.0,49.0,4.5,1,0
1045,219.0,364.80142676767673,42.066287878787875,4.0,1,0
1046,79.0,364.80142676767673,42.066287878787875,3.8,1,0
1047,69.0,249.0,72.0,3.8,1,1
1048,249.0,600.0,59.0,5.0,1,0
1049,139.0,349.0,60.0,5.0,1,1
1050,160.0,230.0,30.0,5.0,1,0
1051,69.0,100.0,31.0,3.9,1,1
1052,59.0,85.0,31.0,4.3,1,1
1053,159.0,199.0,20.0,4.6,1,1
1054,195.0,360.0,46.0,4.3,1,1
1055,99.0,249.0,60.0,4.0,1,1
1056,145.0,229.0,37.0,4.2,1,1
1057,99.0,229.0,57.0,0.0,1,1
1058,85.0,210.0,60.0,3.0,1,1
1059,159.0,199.0,20.0,4.0,1,1
1060,99.0,180.0,45.0,5.0,1,0
1061,59.0,89.0,34.0,0.0,1,1
1062,75.0,315.0,76.0,0.0,1,1
1063,89.0,129.0,31.0,2.0,1,1
1064,180.0,329.0,45.0,4.0,1,1
1072,45.0,364.80142676767673,42.066287878787875,3.2,1,1
1073,49.0,119.0,59.0,5.0,1,0
1074,99.0,249.0,60.0,3.8,1,1
1075,49.0,69.0,29.0,0.0,1,1
1076,249.0,349.0,29.0,4.8,1,1
1077,139.0,249.0,44.0,4.0,1,1
1078,99.0,200.0,51.0,4.1,1,1
1079,89.0,99.0,10.0,4.5,1,1
1080,209.0,299.0,30.0,4.7,1,1
1081,69.0,129.0,47.0,4.2,1,1
1082,74.0,200.0,63.0,4.2,1,1
1083,135.0,330.0,59.0,0.0,1,1
1084,69.0,330.0,79.0,3.0,1,1
1085,189.0,250.0,24.0,4.3,1,1
1086,79.0,99.0,20.0,0.0,1,0
1087,179.0,250.0,28.0,5.0,1,1
1088,139.0,349.0,60.0,5.0,1,1
1089,126.65,149.0,25.0,4.5,1,0
1090,79.0,229.0,66.0,4.7,1,1
1091,99.0,249.0,60.0,4.0,1,1
1092,55.0,79.0,30.0,0.0,1,1
1093,55.0,79.0,30.0,0.0,1,1
1094,229.0,300.0,24.0,0.0,1,0
1095,39.0,99.0,61.0,0.0,1,1
1096,195.0,360.0,46.0,0.0,1,1
1097,99.0,249.0,60.0,0.0,1,1
1098,159.0,275.0,42.0,3.8,1,1
1099,126.65,149.0,25.0,3.7,1,0
1100,38.0,59.0,36.0,0.0,1,0
1101,179.0,299.0,40.0,5.0,1,1
1102,139.0,249.0,44.0,4.1,1,1
1103,269.0,399.0,33.0,0.0,1,1
1104,90.0,390.0,77.0,0.0,1,1
1106,62.0,199.0,69.0,3.4,1,1
1107,179.0,250.0,28.0,5.0,1,1
1108,69.0,99.0,30.0,0.0,1,1
1109,249.0,299.0,17.0,4.0,1,0
1110,115.0,219.0,47.0,0.0,1,0
1111,239.0,299.0,20.0,2.0,1,1
1119,126.65,149.0,15.0,3.0,1,0
1120,59.0,149.0,60.0,4.5,1,1
1121,139.0,349.0,60.0,3.8,1,1
1122,299.0,655.0,54.0,1.0,1,0
1123,239.0,299.0,20.0,5.0,1,1
1124,74.0,149.0,50.0,3.0,1,1
1125,99.0,199.0,50.0,5.0,1,0
1126,69.0,100.0,31.0,4.4,1,1
1127,139.0,199.0,30.0,5.0,1,1
1128,115.0,219.0,47.0,5.0,1,0
1129,119.0,149.0,20.0,0.0,1,1
1130,48.0,149.0,68.0,3.0,1,1
1131,139.0,259.0,46.0,2.5,1,1
1132,99.0,190.0,48.0,0.0,1,0
1133,149.0,379.0,61.0,5.0,1,1
1134,75.0,285.0,74.0,0.0,1,1
1135,79.0,199.0,60.0,4.5,1,1
1136,160.0,230.0,30.0,0.0,1,0
1137,99.0,249.0,60.0,4.7,1,1
1138,69.0,199.0,65.0,0.0,1,1
1139,199.0,379.0,47.0,5.0,1,1
1140,89.0,230.0,61.0,0.0,1,1
1141,299.0,500.0,40.0,0.0,1,0
1142,299.0,655.0,54.0,5.0,1,0
1143,29.0,69.0,58.0,5.0,1,1
1144,59.0,85.0,31.0,4.2,1,1
1145,69.0,100.0,31.0,1.0,1,1
1146,229.0,300.0,24.0,1.0,1,0
1147,219.0,364.80142676767673,42.066287878787875,4.3,1,0
1148,48.0,179.0,73.0,4.5,1,1
1149,219.0,349.0,37.0,0.0,1,1
1150,209.0,299.0,30.0,3.9,1,1
1151,219.0,360.0,39.0,4.2,1,1
1152,159.0,300.0,47.0,0.0,1,0
1153,99.0,229.0,57.0,4.5,1,1
1154,78.0,300.0,74.0,3.0,1,1
1155,69.0,169.0,59.0,4.0,1,1
1156,199.0,199.0,27.0,5.0,1,0
1157,79.0,199.0,60.0,5.0,1,1
1158,139.0,329.0,58.0,0.0,1,1
1166,199.0,600.0,67.0,3.5,1,0
1167,169.0,249.0,32.0,4.5,1,1
1168,89.0,189.0,53.0,0.0,1,0
1169,29.0,79.0,63.0,0.0,1,1
1170,89.0,129.0,31.0,5.0,1,1
1171,99.0,199.0,50.0,0.0,1,0
1172,79.0,89.0,11.0,4.5,1,1
1173,76.99,100.0,23.0,5.0,1,0
1174,79.0,179.0,56.0,3.0,1,1
1175,189.0,549.0,66.0,5.0,1,1
1176,62.0,169.0,63.0,0.0,1,0
1177,108.0,300.0,64.0,3.6,1,1
1178,49.0,109.0,55.0,0.0,1,1
1180,175.0,299.0,41.0,0.0,1,1
1181,159.0,199.0,20.0,0.0,1,1
1182,99.0,150.0,34.0,4.3,1,1
1183,79.0,89.0,11.0,5.0,1,1
1184,169.0,299.0,43.0,5.0,1,1
1185,69.0,169.0,59.0,5.0,1,1
1186,69.0,285.0,76.0,0.0,1,1
1187,299.0,400.0,34.0,4.3,1,0
1188,49.0,179.0,73.0,0.0,1,1
1189,219.0,499.0,56.0,0.0,1,1
1190,199.0,364.80142676767673,42.066287878787875,0.0,1,0
1191,109.0,199.0,52.0,4.3,1,1
1192,180.0,329.0,45.0,4.0,1,1
1193,59.0,169.0,65.0,3.5,1,1
1194,89.0,249.0,64.0,0.0,1,1
1195,48.0,199.0,76.0,3.4,1,1
1196,99.0,199.0,50.0,0.0,1,0
1197,239.0,349.0,32.0,5.0,1,1
1198,110.0,189.0,42.0,4.0,1,1
1199,275.0,399.0,31.0,0.0,1,1
1200,40.0,59.0,32.0,3.1,1,0
1201,54.0,230.0,77.0,0.0,1,1
1202,62.0,199.0,69.0,4.4,1,1
1203,69.0,79.0,13.0,4.5,1,1
1204,299.0,655.0,54.0,0.0,1,0
1205,140.0,289.0,52.0,0.0,1,1
1213,179.0,349.0,49.0,4.5,1,1
1214,159.0,399.0,60.0,5.0,1,1
1215,119.0,299.0,60.0,5.0,1,1
1216,110.0,299.0,63.0,0.0,1,1
1217,179.0,199.0,10.0,0.0,1,1
1219,180.0,349.0,48.0,4.7,1,1
1220,99.0,249.0,60.0,4.5,1,1
1221,99.0,150.0,34.0,5.0,1,0
1222,79.0,199.0,60.0,4.8,1,1
1223,48.0,169.0,73.0,5.0,1,1
1224,140.0,349.0,60.0,4.0,1,1
1225,104.0,149.0,30.0,3.3,1,1
1226,169.0,349.0,52.0,5.0,1,1
1227,159.0,299.0,47.0,0.0,1,1
1228,225.0,414.0,46.0,0.0,1,0
1229,269.0,299.0,10.0,0.0,1,1
1230,209.0,299.0,30.0,4.6,1,1
1231,79.0,89.0,11.0,0.0,1,1
1232,69.0,99.0,30.0,0.0,1,1
1233,129.0,279.0,54.0,4.3,1,1
1234,59.0,89.0,34.0,0.0,1,1
1235,59.0,149.0,60.0,5.0,1,1
1236,159.0,199.0,20.0,4.0,1,1
1237,49.0,129.0,62.0,3.5,1,1
1238,96.0,119.0,19.0,0.0,1,0
1239,49.0,364.80142676767673,42.066287878787875,2.7,1,0
1240,39.0,59.0,34.0,4.3,1,1
1241,129.0,249.0,48.0,0.0,1,0
1242,225.0,449.0,50.0,4.0,1,0
1243,119.0,299.0,60.0,3.8,1,1
1244,46.0,150.0,69.0,0.0,1,1
1245,189.0,600.0,69.0,0.0,1,0
1246,108.0,330.0,67.0,0.0,1,1
1247,89.0,99.0,10.0,0.0,1,1
1248,89.0,129.0,31.0,5.0,1,1
1249,110.0,189.0,42.0,3.0,1,1
1250,110.0,299.0,63.0,3.8,1,1
1251,269.0,299.0,10.0,5.0,1,1
1252,62.0,299.0,79.0,4.0,1,1
1260,149.0,299.0,50.0,5.0,1,1
1261,179.0,299.0,40.0,4.0,1,1
1262,180.0,329.0,45.0,5.0,1,1
1263,161.5,230.0,30.0,0.0,1,0
1264,89.0,240.0,63.0,0.0,1,1
1265,45.0,129.0,65.0,4.7,1,1
1266,180.0,329.0,45.0,5.0,1,1
1268,59.0,79.0,25.0,0.0,1,1
1269,199.0,679.0,71.0,3.0,1,1
1270,299.0,479.0,38.0,0.0,1,1
1271,79.0,199.0,60.0,4.0,1,1
1272,79.0,299.0,74.0,0.0,1,1
1273,41.0,219.0,81.0,4.5,1,1
1274,92.34,225.0,59.0,5.0,1,0
1275,129.0,249.0,48.0,0.0,1,1
1277,119.0,299.0,60.0,4.0,1,1
1278,90.0,199.0,61.0,4.8,1,1
1279,119.0,299.0,60.0,0.0,1,1
1280,219.0,364.80142676767673,42.066287878787875,0.0,1,0
1281,55.0,229.0,76.0,4.0,1,1
1282,69.0,229.0,70.0,4.0,1,1
1283,99.0,160.0,38.0,0.0,1,0
1284,139.0,199.0,30.0,0.0,1,1
1286,199.0,499.0,60.0,4.1,1,1
1287,69.0,99.0,30.0,3.0,1,1
1288,49.0,79.0,38.0,3.8,1,1
1289,149.0,364.80142676767673,42.066287878787875,5.0,1,0
1290,69.0,79.0,13.0,3.7,1,1
1291,119.0,299.0,60.0,5.0,1,1
1292,188.0,549.0,66.0,4.0,1,1
1293,169.0,600.0,72.0,0.0,1,0
1294,199.0,299.0,33.0,0.0,1,1
1295,87.0,330.0,74.0,4.0,1,1
1296,109.0,229.0,52.0,5.0,1,1
1297,149.0,249.0,40.0,4.3,1,1
1298,280.0,364.80142676767673,42.066287878787875,4.2,1,0
1307,255.0,480.0,47.0,4.0,2,1
1308,255.0,480.0,47.0,4.2,2,1
1309,279.0,520.0,46.0,4.1,2,1
1310,299.0,540.0,45.0,4.0,2,1
1311,219.0,410.0,47.0,4.3,2,1
1312,255.0,480.0,47.0,4.8,2,1
1313,265.0,480.0,45.0,0.0,2,1
1314,279.0,520.0,46.0,4.6,2,1
1315,279.0,520.0,46.0,4.5,2,1
1316,265.0,480.0,45.0,5.0,2,1
1317,319.0,590.0,46.0,4.4,2,1
1318,279.0,520.0,46.0,4.5,2,1
1319,279.0,520.0,46.0,4.1,2,1
1320,225.0,410.0,45.0,4.9,2,1
1321,265.0,500.0,47.0,4.6,2,1
1322,325.0,590.0,45.0,4.7,2,1
1323,279.0,520.0,46.0,4.9,2,1
1324,285.0,530.0,46.0,4.6,2,1
1325,89.0,260.0,66.0,4.0,2,1
1326,289.0,520.0,44.0,0.0,2,1
1327,325.0,590.0,45.0,4.3,2,1
1328,139.0,250.0,44.0,0.0,2,1
1330,265.0,480.0,45.0,0.0,2,1
1331,329.0,590.0,44.0,4.7,2,1
1332,62.0,119.0,48.0,0.0,2,1
1333,339.0,630.0,46.0,4.7,2,1
1334,115.0,229.0,50.0,3.8,2,1
1337,129.0,230.0,44.0,0.0,2,1
1338,139.0,250.0,44.0,0.0,2,1
1339,95.0,170.0,44.0,0.0,2,1
1340,279.0,520.0,46.0,4.8,2,1
1341,279.0,520.0,46.0,4.8,2,1
1342,29.0,79.0,63.0,5.0,2,1
1343,49.0,129.0,62.0,5.0,2,1
1344,39.0,89.0,56.0,3.2,2,1
1345,29.0,79.0,63.0,5.0,2,1
1346,319.0,630.0,49.0,4.7,2,1
1347,69.0,100.0,31.0,0.0,2,1
1348,329.0,590.0,44.0,0.0,2,1
1350,69.0,129.0,47.0,0.0,2,1
1351,89.0,129.0,31.0,0.0,2,1
1352,299.0,540.0,45.0,0.0,2,1
1353,39.0,99.0,61.0,0.0,2,1
1355,59.0,149.0,60.0,0.0,2,1
1356,29.0,79.0,63.0,0.0,2,1
1357,289.0,520.0,44.0,0.0,2,1
1358,59.0,149.0,60.0,0.0,2,1
1359,30.0,49.0,39.0,0.0,2,1
1360,69.0,99.0,30.0,5.0,2,1
1361,169.0,390.0,57.0,4.4,2,1
1362,29.0,79.0,63.0,4.0,2,1
1363,69.0,99.0,30.0,5.0,2,1
1364,79.0,149.0,47.0,4.4,2,1
1365,14.0,49.0,71.0,0.0,2,1
1368,99.0,149.0,34.0,4.5,2,0
1369,59.0,149.0,60.0,0.0,2,1
1370,329.0,590.0,44.0,0.0,2,1
1371,337.0,360.0,6.0,0.0,2,1
1372,54.0,99.0,45.0,0.0,2,1
1373,34.0,54.0,37.0,0.0,2,1
1374,39.0,99.0,61.0,5.0,2,1
1375,33.0,54.0,39.0,0.0,2,1
1376,69.0,129.0,47.0,4.5,2,1
1377,69.0,129.0,47.0,3.3,2,1
1378,69.0,100.0,31.0,4.7,2,1
1379,58.0,170.0,66.0,3.5,2,1
1380,105.0,179.0,41.0,4.8,2,1
1381,79.0,119.0,34.0,4.0,2,1
1382,69.0,129.0,47.0,4.0,2,1
1384,304.0,380.0,20.0,0.0,2,1
1385,65.0,89.0,27.0,5.0,2,1
1386,79.0,199.0,60.0,4.7,2,1
1387,39.0,99.0,61.0,5.0,2,1
1388,129.0,149.0,13.0,4.5,2,1
1389,39.0,99.0,61.0,4.0,2,1
1390,349.0,650.0,46.0,4.1,2,1
1391,79.0,199.0,60.0,3.0,2,1
1392,34.0,119.0,71.0,0.0,2,1
1393,99.0,149.0,34.0,4.7,2,0
1394,64.0,179.0,64.0,0.0,2,1
1395,29.0,79.0,63.0,2.0,2,1
1396,85.0,170.0,50.0,0.0,2,1
1397,49.0,79.0,38.0,4.5,2,1
1398,39.0,89.0,56.0,4.8,2,1
1411,129.0,149.0,13.0,0.0,2,1
1412,135.0,270.0,50.0,4.7,2,1
1414,79.0,139.0,43.0,5.0,2,1
1415,99.0,249.0,60.0,5.0,2,1
1416,33.0,54.0,39.0,0.0,2,1
1417,69.0,169.0,59.0,5.0,2,1
1418,33.0,54.0,39.0,0.0,2,1
1419,29.0,79.0,63.0,3.0,2,1
1420,75.0,99.0,24.0,0.0,2,0
1421,65.0,364.80142676767673,42.066287878787875,1.0,2,0
1422,59.0,149.0,60.0,4.3,2,1
1423,139.0,199.0,30.0,3.8,2,1
1424,69.0,129.0,47.0,5.0,2,1
1425,39.0,99.0,61.0,4.3,2,1
1426,79.0,199.0,60.0,4.3,2,1
1427,59.0,149.0,60.0,5.0,2,1
1428,34.0,109.0,69.0,0.0,2,1
1429,199.0,239.0,17.0,0.0,2,1
1430,34.0,109.0,69.0,0.0,2,1
1431,159.0,189.0,16.0,4.5,2,1
1432,59.0,149.0,60.0,0.0,2,1
1433,99.0,249.0,60.0,3.7,2,1
1434,149.0,379.0,61.0,0.0,2,1
1435,39.0,99.0,61.0,4.0,2,1
1436,29.0,89.0,67.0,0.0,2,1
1437,219.0,349.0,37.0,3.0,2,1
1438,49.0,129.0,62.0,0.0,2,1
1439,179.0,209.0,14.0,0.0,2,1
1440,129.0,299.0,57.0,3.8,2,1
1441,89.0,99.0,10.0,4.5,2,1
1442,39.0,79.0,51.0,4.3,2,1
1443,179.0,249.0,28.0,3.8,2,1
1444,129.0,249.0,48.0,4.6,2,1
1445,119.0,349.0,66.0,4.2,2,1
1446,99.0,149.0,34.0,4.0,2,0
1447,33.89,99.0,66.0,4.4,2,0
1448,39.0,99.0,61.0,0.0,2,1
1449,39.0,79.0,51.0,4.0,2,1
1450,49.0,129.0,62.0,2.3,2,1
1463,67.0,109.0,39.0,0.0,2,1
1464,68.0,119.0,43.0,0.0,2,1
1465,29.0,79.0,63.0,0.0,2,1
1466,69.0,129.0,47.0,5.0,2,1
1467,205.0,410.0,50.0,4.4,2,1
1468,49.0,89.0,45.0,0.0,2,1
1469,109.0,199.0,45.0,5.0,2,1
1470,55.0,140.0,61.0,4.0,2,1
1471,79.0,199.0,60.0,4.6,2,1
1472,59.0,89.0,34.0,0.0,2,1
1473,85.0,170.0,50.0,5.0,2,1
1474,79.0,199.0,60.0,4.3,2,1
1476,39.0,79.0,51.0,3.0,2,1
1477,119.0,199.0,40.0,3.0,2,1
1478,69.0,129.0,47.0,3.5,2,1
1479,249.0,500.0,50.0,4.7,2,1
1480,59.0,99.0,40.0,5.0,2,1
1481,99.0,249.0,60.0,0.0,2,1
1482,79.0,199.0,60.0,0.0,2,1
1483,159.0,189.0,16.0,4.3,2,1
1484,119.0,364.80142676767673,42.066287878787875,5.0,2,1
1485,39.0,99.0,61.0,3.0,2,1
1486,65.0,364.80142676767673,42.066287878787875,0.0,2,0
1487,44.0,129.0,66.0,1.0,2,1
1488,69.0,199.0,65.0,0.0,2,1
1489,39.0,99.0,61.0,0.0,2,1
1490,79.0,149.0,47.0,3.0,2,1
1491,84.0,279.0,70.0,0.0,2,1
1492,69.0,89.0,22.0,5.0,2,1
1493,55.0,99.0,44.0,0.0,2,1
1494,199.0,399.0,58.0,5.0,2,1
1495,49.0,79.0,38.0,4.5,2,1
1496,69.0,170.0,59.0,0.0,2,1
1497,119.0,170.0,30.0,5.0,2,1
1498,29.0,99.0,71.0,4.0,2,1
1499,75.0,364.80142676767673,42.066287878787875,0.0,2,0
1501,49.0,129.0,62.0,4.7,2,1
1502,160.0,364.80142676767673,42.066287878787875,0.0,2,0
1515,39.0,99.0,61.0,0.0,2,1
1516,34.0,109.0,69.0,0.0,2,1
1517,149.0,299.0,50.0,4.0,2,1
1518,56.0,170.0,67.0,4.0,2,1
1519,79.0,199.0,60.0,5.0,2,1
1520,139.0,349.0,60.0,3.8,2,1
1521,159.0,189.0,16.0,0.0,2,1
1522,69.0,169.0,59.0,0.0,2,1
1523,99.0,149.0,34.0,4.7,2,1
1524,139.0,199.0,30.0,4.5,2,1
1525,49.0,99.0,51.0,0.0,2,1
1526,62.0,199.0,75.0,4.8,2,1
1527,139.0,249.0,54.0,0.0,2,1
1528,189.0,329.0,43.0,3.0,2,1
1529,65.0,364.80142676767673,42.066287878787875,0.0,2,0
1530,29.0,99.0,71.0,0.0,2,1
1531,59.0,149.0,60.0,4.3,2,1
1532,205.0,410.0,50.0,4.5,2,1
1533,29.0,99.0,71.0,0.0,2,1
1534,69.0,129.0,47.0,5.0,2,1
1535,59.0,129.0,54.0,0.0,2,1
1536,105.0,189.0,44.0,3.9,2,1
1537,81.0,129.0,37.0,0.0,2,1
1538,59.0,149.0,60.0,5.0,2,1
1539,99.0,129.0,23.0,4.8,2,1
1540,44.0,149.0,70.0,4.2,2,1
1541,115.0,219.0,47.0,4.0,2,1
1542,59.0,149.0,60.0,0.0,2,1
1543,29.0,49.0,41.0,0.0,2,1
1544,89.0,179.0,50.0,5.0,2,0
1545,139.0,199.0,30.0,3.0,2,1
1546,115.0,179.0,36.0,4.3,2,1
1547,39.0,79.0,51.0,5.0,2,1
1548,62.0,119.0,48.0,0.0,2,1
1549,59.0,149.0,60.0,4.4,2,1
1550,64.0,129.0,50.0,0.0,2,1
1551,99.0,249.0,60.0,4.7,2,1
1552,99.0,179.0,45.0,5.0,2,0
1553,224.0,280.0,20.0,0.0,2,1
1554,59.0,149.0,60.0,0.0,2,1
1567,54.0,149.0,64.0,5.0,2,1
1568,69.0,129.0,47.0,0.0,2,1
1569,39.0,99.0,61.0,4.5,2,1
1570,149.0,329.0,55.0,4.0,2,1
1571,39.0,129.0,70.0,0.0,2,1
1572,219.0,429.0,49.0,0.0,2,1
1573,54.0,179.0,70.0,4.0,2,1
1574,74.0,149.0,50.0,4.4,2,1
1575,129.0,364.80142676767673,42.066287878787875,5.0,2,1
1576,159.0,364.80142676767673,42.066287878787875,4.0,2,1
1577,139.0,169.0,18.0,0.0,2,1
1578,39.0,79.0,51.0,5.0,2,1
1579,149.0,249.0,40.0,4.0,2,1
1580,59.0,149.0,60.0,4.0,2,1
1581,139.0,199.0,30.0,0.0,2,1
1582,179.0,419.0,57.0,0.0,2,1
1583,49.0,69.0,29.0,0.0,2,1
1584,99.0,149.0,34.0,0.0,2,0
1585,34.0,109.0,69.0,5.0,2,1
1586,49.0,79.0,38.0,0.0,2,1
1587,139.0,250.0,44.0,0.0,2,1
1588,229.0,269.0,15.0,4.0,2,1
1589,89.0,149.0,40.0,0.0,2,1
1590,89.0,179.0,50.0,4.3,2,1
1591,69.0,169.0,59.0,0.0,2,1
1592,49.0,79.0,38.0,0.0,2,1
1593,165.0,300.0,45.0,0.0,2,1
1594,189.0,399.0,53.0,0.0,2,1
1595,69.0,129.0,47.0,5.0,2,1
1596,79.0,199.0,60.0,5.0,2,1
1597,199.0,300.0,34.0,0.0,2,0
1598,59.0,150.0,61.0,3.0,2,1
1599,59.0,99.0,40.0,0.0,2,1
1600,89.0,129.0,31.0,4.0,2,1
1601,79.0,199.0,60.0,4.5,2,1
1602,49.0,80.0,39.0,0.0,2,1
1603,105.0,189.0,44.0,4.2,2,1
1605,59.0,89.0,34.0,3.5,2,1
1606,139.0,199.0,31.0,3.0,2,1
1619,119.0,159.0,25.0,3.0,2,1
1620,189.0,229.0,17.0,4.0,2,1
1621,49.0,79.0,38.0,5.0,2,1
1622,89.0,129.0,32.0,5.0,2,1
1623,69.0,129.0,47.0,4.7,2,1
1624,189.0,229.0,17.0,4.0,2,1
1625,29.0,99.0,71.0,3.0,2,1
1626,119.0,249.0,52.0,4.4,2,1
1627,59.0,89.0,34.0,4.0,2,1
1628,83.72,185.0,55.0,5.0,2,0
1629,89.0,179.0,50.0,5.0,2,1
1630,49.0,129.0,62.0,2.5,2,1
1631,39.0,99.0,61.0,4.5,2,1
1632,179.0,209.0,14.0,0.0,2,1
1633,229.0,389.0,41.0,2.5,2,1
1634,99.0,129.0,23.0,5.0,2,1
1635,19.0,49.0,61.0,0.0,2,1
1636,29.0,89.0,67.0,0.0,2,1
1637,82.0,119.0,31.0,0.0,2,1
1639,89.0,129.0,32.0,5.0,2,1
1640,44.0,129.0,66.0,0.0,2,1
1641,159.0,189.0,16.0,2.0,2,1
1642,54.0,179.0,70.0,5.0,2,1
1643,182.0,260.0,30.0,0.0,2,1
1644,139.0,199.0,31.0,5.0,2,1
1645,69.0,79.0,13.0,5.0,2,1
1646,69.0,129.0,47.0,5.0,2,1
1647,99.0,149.0,34.0,5.0,2,0
1648,59.0,79.0,25.0,0.0,2,1
1649,139.0,299.0,54.0,5.0,2,1
1650,79.0,119.0,34.0,5.0,2,0
1651,199.0,239.0,17.0,3.0,2,1
1652,155.0,219.0,29.0,0.0,2,1
1654,49.0,119.0,59.0,0.0,2,1
1655,99.0,149.0,34.0,4.8,2,1
1656,129.0,364.80142676767673,42.066287878787875,0.0,2,1
1657,59.0,79.0,25.0,5.0,2,1
1658,99.0,149.0,34.0,0.0,2,0
1671,159.0,399.0,60.0,3.0,2,1
1672,35.0,49.0,29.0,0.0,2,1
1673,179.0,379.0,53.0,4.8,2,1
1674,74.0,249.0,70.0,3.5,2,1
1675,29.0,99.0,71.0,0.0,2,1
1676,169.0,329.0,49.0,5.0,2,1
1677,79.0,364.80142676767673,42.066287878787875,0.0,2,1
1678,44.0,149.0,70.0,0.0,2,1
1679,89.0,99.0,10.0,0.0,2,1
1680,99.0,149.0,34.0,5.0,2,0
1681,59.0,129.0,54.0,3.7,2,1
1682,34.0,69.0,51.0,0.0,2,1
1683,49.0,129.0,62.0,3.0,2,1
1684,49.0,79.0,38.0,0.0,2,1
1685,34.0,109.0,69.0,0.0,2,1
1687,65.0,89.0,27.0,0.0,2,1
1688,59.0,149.0,60.0,5.0,2,1
1689,89.0,299.0,70.0,5.0,2,1
1690,139.0,169.0,18.0,0.0,2,1
1691,149.0,199.0,25.0,0.0,2,0
1692,109.0,379.0,71.0,4.3,2,1
1693,69.0,129.0,47.0,4.5,2,1
1694,25.0,49.0,49.0,0.0,2,1
1695,79.0,129.0,39.0,5.0,2,1
1696,35.0,49.0,29.0,0.0,2,1
1697,149.0,300.0,50.0,4.5,2,1
1698,54.0,179.0,70.0,4.0,2,1
1699,75.0,195.0,62.0,0.0,2,1
1700,34.0,119.0,71.0,0.0,2,1
1701,139.0,329.0,58.0,5.0,2,1
1702,249.0,299.0,17.0,5.0,2,1
1703,119.0,129.0,8.0,4.7,2,1
1704,119.0,299.0,60.0,4.0,2,1
1705,49.0,79.0,38.0,0.0,2,1
1706,125.0,249.0,50.0,5.0,2,1
1707,179.0,209.0,14.0,1.0,2,1
1708,49.0,89.0,45.0,2.0,2,1
1709,49.0,89.0,45.0,5.0,2,1
1710,74.0,249.0,70.0,4.0,2,1
1723,29.0,99.0,71.0,3.0,2,1
1724,139.0,249.0,54.0,0.0,2,1
1725,129.0,199.0,46.0,3.0,2,1
1726,79.0,199.0,60.0,3.3,2,1
1727,59.0,149.0,60.0,0.0,2,1
1728,89.0,129.0,31.0,0.0,2,1
1729,34.0,109.0,69.0,0.0,2,1
1730,159.0,379.0,58.0,4.0,2,1
1731,337.0,360.0,6.0,5.0,2,1
1732,105.0,179.0,41.0,4.2,2,1
1733,68.0,119.0,43.0,0.0,2,1
1734,44.0,129.0,66.0,5.0,2,1
1736,34.0,99.0,66.0,5.0,2,1
1737,99.0,139.0,29.0,0.0,2,1
1738,219.0,249.0,12.0,0.0,2,1
1739,49.0,79.0,38.0,4.5,2,1
1740,99.0,279.0,65.0,5.0,2,1
1741,59.0,149.0,60.0,5.0,2,1
1742,69.0,99.0,30.0,5.0,2,1
1743,139.0,169.0,18.0,5.0,2,1
1744,69.0,129.0,47.0,5.0,2,1
1745,49.0,79.0,38.0,0.0,2,1
1746,79.0,159.0,50.0,4.5,2,0
1747,89.0,159.0,44.0,4.8,2,1
1748,59.0,364.80142676767673,42.066287878787875,4.0,2,0
1749,59.0,79.0,25.0,5.0,2,1
1750,59.0,149.0,60.0,4.7,2,1
1751,129.0,364.80142676767673,42.066287878787875,0.0,2,1
1752,69.0,119.0,42.0,0.0,2,1
1753,179.0,209.0,14.0,5.0,2,1
1754,89.0,129.0,31.0,0.0,2,1
1755,55.0,149.0,78.0,4.5,2,1
1756,229.0,269.0,15.0,0.0,2,1
1757,199.0,249.0,20.0,0.0,2,1
1758,59.0,79.0,25.0,0.0,2,1
1759,89.0,149.0,40.0,5.0,2,1
1761,59.0,79.0,25.0,5.0,2,1
1762,89.0,130.0,32.0,0.0,2,1
1776,309.0,460.0,33.0,4.7,4,0
1777,120.0,249.0,52.0,4.0,4,0
1779,299.0,599.0,50.0,4.8,4,0
1780,319.0,364.80142676767673,42.066287878787875,4.8,4,0
1781,235.0,364.80142676767673,42.066287878787875,0.0,4,0
1782,125.99,364.80142676767673,42.066287878787875,1.0,4,0
1784,129.0,179.0,28.0,4.0,4,0
1785,249.0,331.0,25.0,0.0,4,0
1787,299.0,600.0,50.0,4.3,4,0
1788,299.0,364.80142676767673,42.066287878787875,4.0,4,0
1791,299.0,399.0,25.0,4.5,4,0
1792,330.0,364.80142676767673,42.066287878787875,0.0,4,0
1794,159.0,608.0,74.0,3.8,4,0
1797,159.0,299.0,47.0,0.0,4,0
1798,260.0,364.80142676767673,42.066287878787875,0.0,4,0
1799,110.0,364.80142676767673,42.066287878787875,0.0,4,0
1800,149.0,499.0,70.0,3.7,4,0
1801,55.0,90.0,39.0,5.0,4,0
1803,259.0,371.0,30.0,4.3,4,0
1806,90.0,140.0,36.0,0.0,4,0
1807,349.0,364.80142676767673,42.066287878787875,5.0,4,0
1808,99.98,105.0,5.0,4.0,4,0
1809,89.5,117.0,24.0,2.5,4,0
1810,199.0,364.80142676767673,42.066287878787875,0.0,4,0
1811,324.0,464.0,30.0,3.6,4,0
1812,379.0,499.0,24.0,0.0,4,0
1815,179.0,199.0,10.0,0.0,4,0
1816,99.0,220.0,55.0,0.0,4,0
1818,199.0,299.0,33.0,4.3,4,0
1821,350.0,390.0,10.0,0.0,4,0
1823,259.0,399.0,35.0,0.0,4,0
1826,125.99,364.80142676767673,42.066287878787875,0.0,4,0
1827,185.0,299.0,38.0,0.0,4,0
1828,159.0,299.0,47.0,0.0,4,0
1829,67.0,89.0,25.0,5.0,4,0
1830,25.0,79.0,68.0,3.9,4,0
1834,59.0,100.0,41.0,3.8,4,0
1835,67.0,100.0,33.0,5.0,4,0
1837,76.5,128.5,40.0,4.7,4,0
1839,186.0,255.0,27.0,5.0,4,0
1840,69.0,100.0,31.0,4.3,4,0
1841,320.0,364.80142676767673,42.066287878787875,3.7,4,0
1842,99.0,364.80142676767673,42.066287878787875,0.0,4,0
1843,165.0,364.80142676767673,42.066287878787875,0.0,4,0
1844,129.0,179.0,28.0,3.6,4,0
1846,324.0,464.0,30.0,4.5,4,0
1847,359.0,450.0,20.0,0.0,4,0
1850,117.5,148.5,21.0,0.0,4,0
1852,33.0,364.80142676767673,42.066287878787875,4.0,4,0
1854,285.0,620.0,54.0,4.8,4,0
1855,99.0,150.0,34.0,0.0,4,0
1860,119.0,364.80142676767673,42.066287878787875,4.0,4,0
1863,299.0,499.0,40.0,0.0,4,0
1864,88.0,364.80142676767673,42.066287878787875,3.3,4,0
1867,99.0,190.0,48.0,0.0,4,0
1868,139.0,600.0,77.0,4.5,4,0
1871,65.0,100.0,35.0,3.7,4,0
1872,329.0,599.0,45.0,4.5,4,0
1879,311.0,446.0,30.0,0.0,4,0
1881,129.0,179.0,28.0,1.0,4,0
1883,108.0,138.5,22.0,0.0,4,0
1884,289.0,364.80142676767673,42.066287878787875,3.0,4,0
1885,349.0,450.0,22.0,2.3,4,0
1890,129.0,364.80142676767673,42.066287878787875,3.5,4,0
1891,129.0,220.0,41.0,0.0,4,0
1892,29.0,364.80142676767673,42.066287878787875,5.0,4,0
1893,160.0,240.0,33.0,0.0,4,0
1894,142.9,169.0,15.0,3.9,4,0
1895,220.0,280.0,21.0,0.0,4,0
1898,119.0,299.0,60.0,5.0,4,0
1902,339.0,364.80142676767673,42.066287878787875,0.0,4,0
1904,240.0,490.0,51.0,0.0,4,0
1905,37.5,48.0,22.0,0.0,4,0
1906,348.0,499.0,30.0,5.0,4,0
1907,199.0,364.80142676767673,42.066287878787875,5.0,4,0
1909,169.0,250.0,32.0,4.2,4,0
1911,159.0,299.0,47.0,0.0,4,0
1912,159.0,299.0,47.0,0.0,4,0
1913,139.0,364.80142676767673,42.066287878787875,3.6,4,0
1914,65.0,79.0,18.0,1.0,4,0
1915,29.99,40.0,25.0,0.0,4,0
1917,52.0,99.0,47.0,5.0,4,0
1921,319.0,364.80142676767673,42.066287878787875,0.0,4,0
1922,129.0,179.0,28.0,0.0,4,0
1923,371.0,531.0,30.0,2.0,4,0
1924,199.0,299.0,33.0,0.0,4,0
1925,35.0,69.0,49.0,0.0,4,0
1927,111.0,189.0,41.0,5.0,4,0
1929,259.0,399.0,35.0,0.0,4,0
1930,119.0,149.0,20.0,4.0,4,0
1932,179.0,259.0,31.0,0.0,4,0
1933,197.0,349.0,44.0,5.0,4,0
1935,47.0,364.80142676767673,42.066287878787875,0.0,4,0
1937,47.0,364.80142676767673,42.066287878787875,0.0,4,0
1938,149.0,299.0,50.0,0.0,4,0
1939,169.0,200.0,16.0,4.2,4,0
1940,92.0,364.80142676767673,42.066287878787875,5.0,4,0
1944,98.5,148.5,34.0,0.0,4,0
1945,239.0,399.0,40.0,0.0,4,0
1947,324.0,464.0,30.0,5.0,4,0
1948,329.0,364.80142676767673,42.066287878787875,4.7,4,0
1954,179.0,299.0,40.0,0.0,4,0
1956,39.0,89.0,56.0,0.0,4,0
1957,159.0,299.0,47.0,0.0,4,0
1959,39.5,47.0,16.0,3.0,4,0
1961,249.0,364.80142676767673,42.066287878787875,0.0,4,0
1964,129.0,200.0,36.0,0.0,4,0
1965,69.0,120.0,43.0,5.0,4,0
1966,349.0,364.80142676767673,42.066287878787875,0.0,4,0
1968,159.0,299.0,47.0,5.0,4,0
1971,344.0,650.0,47.0,4.5,4,0
1972,59.0,74.0,20.0,5.0,4,0
1974,69.0,92.0,25.0,0.0,4,0
1975,149.0,280.0,47.0,0.0,4,0
1976,99.0,364.80142676767673,42.066287878787875,4.8,4,0
1978,135.0,189.0,29.0,4.5,4,0
1979,169.0,319.0,47.0,0.0,4,0
1981,299.0,364.80142676767673,42.066287878787875,0.0,4,0
1982,349.0,500.0,30.0,4.0,4,0
1985,371.0,531.0,30.0,4.7,4,0
1986,149.0,250.0,40.0,0.0,4,0
1987,199.0,279.0,29.0,0.0,4,0
1990,59.0,90.0,34.0,0.0,4,0
1992,69.0,99.0,30.0,4.0,4,0
1993,199.0,399.0,50.0,4.5,4,0
1994,29.0,364.80142676767673,42.066287878787875,5.0,4,0
1996,273.0,391.0,30.0,3.7,4,0
1997,349.0,499.0,30.0,0.0,4,0
1999,199.0,249.0,20.0,4.7,4,0
2000,85.0,175.0,51.0,0.0,4,0
2002,149.0,186.0,20.0,0.0,4,0
2003,65.0,120.0,46.0,1.0,4,0
2004,179.5,364.80142676767673,42.066287878787875,5.0,4,0
2011,164.0,399.0,59.0,0.0,4,0
2013,99.0,364.80142676767673,42.066287878787875,5.0,4,0
2018,89.0,129.0,31.0,0.0,4,0
2019,118.5,142.0,17.0,5.0,4,0
2020,49.0,98.0,50.0,0.0,4,0
2022,149.0,364.80142676767673,42.066287878787875,1.0,4,0
2028,196.0,299.0,34.0,5.0,4,0
2030,83.0,364.80142676767673,42.066287878787875,5.0,4,0
2031,269.0,499.0,46.0,0.0,4,0
2032,277.0,499.0,44.0,3.8,4,0
2034,97.0,127.0,24.0,3.7,4,0
2036,159.0,299.0,47.0,0.0,4,0
2038,99.0,364.80142676767673,42.066287878787875,0.0,4,0
2039,169.0,200.0,16.0,0.0,4,0
2040,190.0,350.0,46.0,0.0,4,0
2042,299.0,450.0,34.0,0.0,4,0
2043,139.0,200.0,31.0,3.8,4,0
2044,230.0,430.0,47.0,0.0,4,0
2045,159.0,240.0,34.0,3.9,4,0
2047,349.0,599.0,42.0,5.0,4,0
2050,299.0,398.0,25.0,0.0,4,0
2053,324.0,464.0,30.0,4.4,4,0
2056,99.0,132.0,25.0,0.0,4,0
2057,371.0,531.0,30.0,0.0,4,0
2058,89.0,364.80142676767673,42.066287878787875,0.0,4,0
2059,219.0,399.0,45.0,0.0,4,0
2061,130.0,364.80142676767673,42.066287878787875,4.5,4,0
2069,129.0,179.0,28.0,0.0,4,0
2070,149.0,199.0,25.0,4.0,4,0
2071,79.0,150.0,47.0,5.0,4,0
2074,69.99,89.0,21.0,3.8,4,0
2075,99.0,220.0,55.0,5.0,4,0
2077,29.0,39.0,26.0,0.0,4,0
2078,97.0,127.0,24.0,5.0,4,0
2079,349.0,364.80142676767673,42.066287878787875,4.3,4,0
2081,299.0,559.0,47.0,3.7,4,0
2082,149.0,220.0,32.0,4.0,4,0
2084,87.5,118.0,26.0,2.0,4,0
2085,169.0,364.80142676767673,42.066287878787875,0.0,4,0
2087,349.0,500.0,30.0,5.0,4,0
2089,159.0,299.0,47.0,0.0,4,0
2090,371.0,531.0,30.0,4.5,4,0
2092,159.0,364.80142676767673,42.066287878787875,0.0,4,0
2097,285.0,400.0,29.0,1.0,4,0
2098,299.0,364.80142676767673,42.066287878787875,4.5,4,0
2099,310.0,444.0,30.0,4.3,4,0
2100,369.0,500.0,26.0,5.0,4,0
2102,349.0,364.80142676767673,42.066287878787875,0.0,4,0
2103,349.0,364.80142676767673,42.066287878787875,0.0,4,0
2104,139.0,230.0,40.0,4.1,4,0
2105,249.0,449.0,45.0,3.8,4,0
2107,345.0,397.0,13.0,4.5,4,0
2108,123.0,200.0,39.0,0.0,4,0
2114,249.0,499.0,50.0,5.0,4,0
2115,229.0,449.0,49.0,0.0,4,0
2117,275.0,399.0,31.0,4.0,4,0
2118,102.0,364.80142676767673,42.066287878787875,0.0,4,0
2119,125.99,364.80142676767673,42.066287878787875,0.0,4,0
2122,85.0,199.0,57.0,0.0,4,0
2125,125.99,400.0,69.0,3.6,4,0
2126,249.0,359.0,31.0,0.0,4,0
2127,339.0,364.80142676767673,42.066287878787875,3.7,4,0
2128,189.0,299.0,37.0,0.0,4,0
2129,349.0,364.80142676767673,42.066287878787875,5.0,4,0
2132,119.0,219.0,46.0,0.0,4,0
2133,380.0,364.80142676767673,42.066287878787875,4.7,4,0
2135,389.0,499.0,22.0,4.5,4,0
2137,65.0,364.80142676767673,42.066287878787875,5.0,4,0
2138,159.0,180.0,12.0,4.5,4,0
2141,145.0,364.80142676767673,42.066287878787875,1.0,4,0
2149,78.5,364.80142676767673,42.066287878787875,5.0,4,0
2150,240.0,300.0,20.0,0.0,4,0
